{
  "project_info": {
    "project_number": "64059857851",
    "firebase_url": "https://women-cricket-players-default-rtdb.firebaseio.com",
    "project_id": "women-cricket-players",
    "storage_bucket": "women-cricket-players.appspot.com"
  },
  "client": [
    {
      "client_info": {
        "mobilesdk_app_id": "1:64059857851:android:4544b029fc90660856829e",
        "android_client_info": {
          "package_name": "in.co.visiontek.womencricketplayers"
        }
      },
      "oauth_client": [
        {
          "client_id": "64059857851-c1mcjev448jgh576cnkk8v0ijtc17rff.apps.googleusercontent.com",
          "client_type": 3
        }
      ],
      "api_key": [
        {
          "current_key": "AIzaSyAVt5d9e3iQoQjLP4yE-XdAw9HG_rsqCeI"
        }
      ],
      "services": {
        "appinvite_service": {
          "other_platform_oauth_client": [
            {
              "client_id": "64059857851-c1mcjev448jgh576cnkk8v0ijtc17rff.apps.googleusercontent.com",
              "client_type": 3
            }
          ]
        }
      }
    }
  ],
  "configuration_version": "1"
}